$ICAO,$Registration,$Operator,$Type,$ICAO Type,#CMPG,$Tag 1,$#Tag 2,$#Tag 3,Category,$#Link,#ImageLink,#ImageLink2,#ImageLink3
0000C8,N917BC
A038BC,N82123
A038BE,N649CC
A03910,N95EH
A03924,N628TS
A0392C,N271DV
A03925,N200ES
A03940,N11AF
A03947,N850TC
A03949,N242JX
A03954,N750KD
A0FDDB,N50KL
A0FDF9,N9XJ
A0FDFB,N650HC
A0FE01,N658HC
A0FE02,N113CS
A0FE30,N279PH
A0FE68,N935EF
A0FE84,N952DA
A0FE85,N83EP
A0FE2E,N439PW
A0FE3B,N16DJ
A0FE3F,N725DT
A0FE6E,N437JD
A0FEAB,N302AK
A0FEAF,N68KP
A0FEB4,N676JM
A0FEBA,N977V
A0FED0,N68885
A0FED7,N650JR
A0FEDA,N101RE
A0FEE1,N6JR
A0FEEE,N51TE
A0FEF0,N8100E
A0FEF4,N998PB
A0FEF7,N634BE
A0FEFB,N32MJ
A0FF05,N542TP
A0FF09,N414KU
A0FF16,N311JA
A0FF17,N311JX
A0FF21,N68KJ
A0FF24,N14KL
A0FF27,N2E
A10092,N729HZ
A10099,N6431S
A100CB,N124FG
A100CF,N758PB
A100D0,N681HS
A100D9,N682HS
A100E2,N941KL
A100EA,N1980K
A100F3,N73ML
A1010E,N8200E
A1010F,N17ZP
A10111,N898TS
A10114,N652MP
A10115,N651MP
A1011C,N98AC
A10126,N100ES
A1012B,N585PC
A1012D,N311BP
A10133,N3E
A10136,N266JX
A10137,N714CG
A10138,N84EH
A1013B,N8000E
A1013F,N621MM
A10140,N8800E
A10149,N611BV
A102F8,N18B
A1031B,N403LS
A10341,N45VA
A1036C,N45HK
A1039F,N16CP
A103E1,N17513
A10410,N421SZ
A1DC4A,N711PV
A4E954,N88BK
